{
    "CALIBRATION_GAIN_1KHZ": 9.39963606197835,
    "DELTA_DB": 19.46141602228728
}